<install>
	<name>ofxOsc</name>
	<version>0.04</version>
	<author>damian stewart</author>
	<url>http://frey.co.nz/ofxosc</url>

	<add>	
		<!-- 	=====================================================================	-->
		<!--	========================== add per project using this addon =========	-->
		<!-- 	=====================================================================	-->

		<src>
			<folder name="addons/ofxOsc/src">			
			<file>../../../addons/ofxOsc/src/ofxOsc.h</file>
			<file>../../../addons/ofxOsc/src/ofxOscArg.h</file>
			<file>../../../addons/ofxOsc/src/ofxOscBundle.cpp</file>
			<file>../../../addons/ofxOsc/src/ofxOscBundle.h</file>
			<file>../../../addons/ofxOsc/src/ofxOscMessage.h</file>
			<file>../../../addons/ofxOsc/src/ofxOscMessage.cpp</file>
			<file>../../../addons/ofxOsc/src/ofxOscReceiver.h</file>
			<file>../../../addons/ofxOsc/src/ofxOscReceiver.cpp</file>
			<file>../../../addons/ofxOsc/src/ofxOscSender.cpp</file>
			<file>../../../addons/ofxOsc/src/ofxOscSender.h</file>
			</folder>
		</src>

		<include>
			<path>../../../addons/ofxOsc/src</path>
			<path>../../../addons/ofxOsc/libs/oscpack/include/ip</path>
			<path>../../../addons/ofxOsc/libs/oscpack/include/osc</path>
		</include>
		
		<link>
			<lib os="win_cb" compiler="codeblocks">../../../addons/ofxOsc/libs/oscpack/lib/win32/oscpack.a</lib>
			<lib os="win_vs2008" compiler="visualstudio">../../../addons/ofxOsc/libs/oscpack/lib/win32/oscpack.lib</lib>
			<lib os="linux" compiler="codeblocks, makefile">../../../addons/ofxOsc/libs/oscpack/lib/linux/liboscpack.a</lib>
			<lib os="linux64" compiler="codeblocks, makefile">../../../addons/ofxOsc/libs/oscpack/lib/linux64/liboscpack.a</lib>
			<lib os="mac"   compiler="xcode">../../../addons/ofxOsc/libs/oscpack/lib/mac/libOsc.a</lib>
		</link>

	</add>
	
	
</install>

